xNose;yNose;scoreNose;xNeck;yNeck;scoreNeck;xRShoulder;yRShoulder;scoreRShoulder;xRElbow;yRElbow;scoreRElbow;xRWrist;yRWrist;scoreRWrist;xLShoulder;yLShoulder;scoreLShoulder;xLElbow;yLElbow;scoreLElbow;xLWrist;yLWrist;scoreLWrist;xRHip;yRHip;scoreRHip;xRKnee;yRKnee;scoreRKnee;xRAnkle;yRAnkle;scoreRAnkle;xLHip;yLHip;scoreLHip;xLKnee;yLKnee;scoreLKnee;xLAnkle;yLAnkle;scoreLAnkle;xREye;yREye;scoreREye;xLEye;yLEye;scoreLEye;xREar;yREar;scoreREar;xLEar;yLEar;scoreLEar;label
368.8;371.18;0.95197;364.65;166.69;0.97659;368.06;149.52;0.28258;355.29;147.19;0.99254;347.62;138.82;0.0044566;302.81;132.48;0.94558;271.56;187.08;0.952;208.12;178.83;0.97322;274.98;290.82;0.84555;166.54;325.62;0.94649;340.33;270.02;0.82921;297.12;287.75;0.92927;184.65;341.67;0.87731;113.97;359.27;0.89418;345.87;395.66;0.46446;326.85;415.44;0.56256;289.64;426.73;0.13896;276.1;437.24;0.16635;1
368.8;371.18;0.95197;364.65;166.69;0.97659;368.06;149.52;0.28258;355.29;147.19;0.99254;347.62;138.82;0.0044566;302.81;132.48;0.94558;271.56;187.08;0.952;208.12;178.83;0.97322;274.98;290.82;0.84555;166.54;325.62;0.94649;340.33;270.02;0.82921;297.12;287.75;0.92927;184.65;341.67;0.87731;113.97;359.27;0.89418;345.87;395.66;0.46446;326.85;415.44;0.56256;289.64;426.73;0.13896;276.1;437.24;0.16635;1
263.37;331.77;0.94037;221.06;69.778;0.98302;218.63;63.055;0.45343;213.48;64.172;0.98528;208.23;66.769;0.021343;189.71;70.237;0.81303;206.09;100.42;0.92791;189.45;103.41;0.94697;253.71;139.77;0.79438;239.34;149.84;0.91517;301.72;150.33;0.75362;300;154.67;0.8962;264.06;185.43;0.92486;256.06;195.52;0.9375;370.52;209.01;0.85248;375.27;218.51;0.89458;365.66;320.8;0.65861;366.89;329.78;0.71052;1
236.55;370.66;0.91352;292.89;143.44;0.96209;295.34;130.6;0.98354;290.06;133.69;0.062886;326.45;120.35;0.98163;326.8;120.8;0.11059;394.76;156.76;0.96111;377.42;154.41;0.88566;412.92;262.99;0.94167;384.79;255.84;0.6134;318.38;263.3;0.90568;312.63;263;0.56213;436.46;340.12;0.91765;414.98;326.12;0.86581;283.59;369.28;0.71204;280.6;356.68;0.5522;291.49;449.5;0.28655;282.51;444.9;0.21222;1
364.32;381.48;0.9391;268.91;179.4;0.98565;272.99;159.92;0.99625;264.63;162.15;0.11476;328.41;139.65;0.98745;314.56;139.19;0.1077;400.04;197.64;0.96053;390.16;166.28;0.95309;379.14;358.73;0.92215;382.06;277.03;0.86038;245.1;330.2;0.90519;284.9;293.53;0.84413;455.91;421.27;0.71355;435.2;393.75;0.71797;285.67;425.75;0.18101;285.85;397.56;0.15269;291.88;436.65;0.04652;314.74;425.1;0.042806;1
209.2;253.92;0.92343;378.12;83.167;0.99297;383.93;78.632;0.68705;375.11;72.723;0.99651;377.51;77.677;0.01572;352.89;61.41;0.84499;340.54;92.934;0.95454;315.73;79.478;0.96143;370.59;131.47;0.88918;304.97;139.29;0.93583;390.94;99.897;0.86396;367.05;139.69;0.91348;297.82;178.71;0.94919;274.37;180.24;0.95262;385.12;204.97;0.86168;373.83;208.32;0.88528;419.74;281.39;0.6503;377.4;289.48;0.67804;1
126.99;495.8;0.89033;219.16;102.22;0.9871;217.36;91.317;0.36962;206.99;90.41;0.99422;196.96;100.84;0.0078404;172.56;102.05;0.90227;160.31;170.37;0.80067;157.96;174.38;0.96902;167.07;283.14;0.28117;165.12;289.86;0.92865;203.73;351.49;0.19194;202.17;363.74;0.82298;169.84;369.2;0.87292;173.89;375.95;0.9476;172.2;507.26;0.53354;179.73;513.03;0.74137;162.11;621.65;0.17538;169.96;627.4;0.26648;1
277.42;339.17;0.95733;402.97;128.69;0.97583;406.92;121.54;0.095595;402.54;118.58;0.99167;378.49;114.78;0.0097666;380.79;107.93;0.83366;346.96;133.7;0.86503;335.77;127.16;0.95115;355.62;203.45;0.5189;350.02;201.28;0.91449;406.36;206.2;0.45007;408.68;203.86;0.86875;337.4;254.99;0.89242;325.9;259.83;0.93497;438.43;277.7;0.87455;434.6;284.68;0.93067;492.36;375.3;0.77823;494.67;383.88;0.83765;1
314.13;409.14;0.93962;361.75;152.12;0.97654;371.87;139.78;0.093812;363.03;133.44;0.99229;341.51;119.8;0.0033097;326.2;101.75;0.93945;270.56;152.1;0.92123;234;145.15;0.969;271.96;276.56;0.6849;239.34;292.27;0.94452;350.39;266.13;0.62757;347.25;266.26;0.91242;241.12;343.4;0.88195;203.38;354.94;0.91743;412.59;397.14;0.57906;407.88;392.02;0.72132;285.92;460.21;0.2124;347.11;489.29;0.2805;1
143.27;586.35;0.87123;68.411;84.428;0.91631;78.793;74.452;0.96774;70.005;75.068;0.14289;110.72;87.71;0.99387;104.66;79.015;0.047462;139.05;157.1;0.98548;118.94;145.75;0.86149;138.37;264.97;0.9766;116.44;248.12;0.29488;112.01;355.7;0.95156;93.099;318.62;0.30807;143.44;324.35;0.98626;124.62;317.26;0.9529;131.36;454.81;0.98837;111.11;440.05;0.95395;137.37;574.5;0.96416;115.33;540.46;0.91494;1
330.7;344.99;0.90511;148.8;146.38;0.9873;148.62;134.02;0.66164;135.11;134.03;0.98606;141.7;138.52;0.022356;94.197;142.88;0.88172;155.34;204.58;0.95962;103.55;214.89;0.95807;228.92;249.36;0.85433;204.41;266.72;0.90731;323.77;263.9;0.80622;319.24;269.97;0.88113;230.24;361.02;0.84438;202.88;381.72;0.84727;336.54;342.74;0.37219;332.27;373.91;0.43201;320.44;455.13;0.11567;316.33;464.84;0.13231;1
221.72;334.44;0.92667;365.91;229.23;0.97436;361.55;210.96;0.99081;355.17;218.99;0.12256;392.68;172.93;0.98874;374.06;193.13;0.15292;480.7;223.24;0.94229;427.38;227.56;0.86447;508.33;352.07;0.87697;441.82;328.8;0.54553;398.42;295.65;0.83332;391.78;288.47;0.50711;463.11;421.21;0.58313;417;414.74;0.4821;423.48;439.06;0.098255;394.36;436.71;0.065807;439.85;426.33;0.03366;403.19;422.71;0.026569;1
219.21;342.96;0.93448;298.3;89.329;0.96863;298.9;81.039;0.11172;293.54;80.572;0.986;268.83;79.019;0.0061881;266.99;79.699;0.95907;251.43;113.73;0.97012;228.08;108.11;0.98067;273.56;157.76;0.89362;243.91;165.94;0.97174;322.94;163.56;0.89316;312.35;166.93;0.95866;191.32;207.89;0.96365;170.01;210.39;0.96981;276.63;234.72;0.92118;265.04;236.43;0.94995;281.63;337.69;0.80682;274.57;344.25;0.85044;1
280.35;382.07;0.93571;317.5;126.44;0.97943;326.3;113.59;0.99358;317.62;113.1;0.16947;368.3;113.47;0.9872;352.82;109.56;0.1728;418.83;153.9;0.97139;392.22;151.73;0.95929;371.93;272.67;0.94696;367.35;239.11;0.87801;285.94;272.52;0.91562;300.03;251.64;0.83794;451.5;342.17;0.91235;425.86;325.53;0.90095;305.43;364.8;0.59474;300.24;350.3;0.51272;312.63;431.34;0.19747;313.57;423.39;0.1695;1
286.23;473.46;0.93428;321.1;199.68;0.96493;330.63;189.69;0.11097;322.52;183.6;0.98408;302.17;171.86;0.0070385;289.47;155.83;0.89955;243.88;203.56;0.94676;230.09;210.88;0.96946;241.3;320.09;0.81786;228.35;340.56;0.94277;297.94;347.43;0.77659;307.5;295.28;0.92193;231.04;373.83;0.93981;219.15;392.22;0.95184;394.49;383.76;0.89395;403.76;400.75;0.92928;358.47;526.83;0.74539;359.31;540.59;0.79099;1
419.99;327.64;0.9332;320.2;169.76;0.98896;325.19;148.31;0.66346;302.88;146.98;0.99539;315.19;141.03;0.010013;234.54;135.97;0.94172;245.38;214.26;0.92946;125.98;200.05;0.93997;310.16;279.01;0.72943;154.17;346.1;0.83933;370.94;302.77;0.73637;325.76;333.29;0.83327;164.48;378.8;0.3523;78.228;381.14;0.34291;320.36;360.64;0.044416;222.37;363.19;0.054875;261.98;363.78;0.020673;207.74;353.39;0.023071;1
410.23;332.09;0.92623;296.2;230.48;0.9641;304.06;211.26;0.9889;295.34;211.49;0.11911;356.52;204.81;0.9867;360.21;194.22;0.074241;438.07;243.95;0.94489;437.05;233.86;0.86347;427.08;372.66;0.87386;382.23;357.44;0.41015;308.46;344.31;0.81716;286.22;332.42;0.39583;597.51;430.32;0.40511;597.75;420;0.31304;408.49;441.54;0.082138;435.4;426.16;0.045489;447.18;432.78;0.027185;489.74;424.3;0.019401;1
513.29;330.98;0.94331;266.66;212.6;0.99498;276.95;193.59;0.99791;263.66;195.45;0.30051;333.64;183.76;0.98895;292.55;186.4;0.16225;437.48;240.46;0.94344;333.26;249.79;0.94876;578.98;314;0.87238;276.8;330.95;0.86209;515.88;399.52;0.87687;184.27;355.01;0.85846;452.8;433.46;0.51609;377.68;428.1;0.53931;401.65;440.04;0.060633;310.72;438.04;0.061496;406.62;429.25;0.021063;356.01;426.07;0.021894;1
408.97;439.25;0.89607;229.13;203.47;0.99169;233.87;181.16;0.99757;216.48;187.26;0.38099;282.96;142.6;0.992;228.56;157.74;0.1038;407.21;174.47;0.96123;323.45;158.46;0.95464;444.89;336.27;0.94013;325.26;258.42;0.90046;302.13;323.85;0.93788;247.02;280.29;0.89073;439;423.99;0.90666;366.28;388.96;0.90878;167.78;452.87;0.5918;124.93;415.93;0.53312;263.64;504.43;0.17477;189.13;506.69;0.15836;1
364.85;273.31;0.91342;350.73;172.35;0.98291;355.36;158.81;0.59194;340.72;150.92;0.9935;341.16;156.63;0.0077874;287.81;138.05;0.92751;276.92;203.95;0.94375;211.88;177.9;0.96031;348.43;273.83;0.81108;226.06;309.34;0.91395;371.45;180.67;0.79694;332.9;306.92;0.87909;136.96;358.99;0.70429;80.549;354.74;0.71815;246.85;432.51;0.1095;185.71;442.65;0.1393;200.68;425.93;0.027889;148.58;428.33;0.031524;1
427.87;565.96;0.92363;393.68;168.83;0.95459;411.71;165.5;0.091215;405.99;150.22;0.97516;392.08;125.67;0.011401;395.08;106.69;0.82544;324.76;101.62;0.87605;321.98;102.54;0.95363;292.28;240.28;0.63016;303.31;250.51;0.92286;319.94;374.68;0.62794;307.46;386.17;0.88666;136.55;170;0.93294;111.05;163.34;0.95409;188.8;345.31;0.96074;170.13;351.42;0.97428;196.47;518.78;0.90542;165.56;549;0.92071;1
269.86;308.14;0.89;315.73;164.42;0.93486;323.15;156.45;0.14386;316.62;149.4;0.97411;307.55;140.72;0.0054159;289.03;121.39;0.88091;275.19;179.97;0.87155;211.9;151.26;0.96151;261.34;274.25;0.5192;113.36;199.12;0.91039;246.41;325.97;0.43698;169.23;267.21;0.85344;244.02;356.38;0.68924;186.65;359.08;0.79759;333.17;374.16;0.1571;291.13;391.95;0.25685;267.61;415.77;0.053012;218.2;414.08;0.073786;1
450.06;544.19;0.93375;434.12;195.29;0.89443;448.35;186.83;0.019891;440.82;178.78;0.96491;402.75;143.44;0.0034857;413.59;141.04;0.84004;339.65;132.4;0.87175;332.84;154.97;0.93321;310.03;283.42;0.7055;309.9;314.24;0.89597;343.93;381.24;0.76777;332.97;435.23;0.89033;132.86;145.91;0.91665;96.955;146.57;0.93051;180.73;323.11;0.96641;145.91;338.83;0.97414;205.21;488.06;0.93831;151.8;541.17;0.94242;1
278.15;242.73;0.87549;392.47;131.93;0.97963;402.22;112.04;0.99236;385.23;121.49;0.72869;447.14;101.18;0.9827;392.67;122.54;0.13962;523.63;126.35;0.93067;428.1;179.04;0.81639;584.33;238.64;0.83674;415.12;260.04;0.34968;466.85;222.84;0.80195;342.27;227.38;0.36456;606.86;283.63;0.35326;527.52;295.7;0.24649;523.09;288.63;0.071591;440.84;289.51;0.039681;537.25;282.22;0.031039;474.36;283.8;0.021899;1
288.42;264.76;0.87408;323.51;207.97;0.92881;327.43;194.01;0.9699;323.29;195.99;0.053262;358.63;193.55;0.974;369.87;192.95;0.13287;419.37;239.27;0.95431;393.3;234.09;0.94879;415.59;354.31;0.92984;398.85;303.19;0.87256;328.29;342.66;0.90832;341.64;313.59;0.85517;520.67;395.53;0.80224;496.16;385.8;0.80289;389.26;429.66;0.25817;390.18;418.86;0.2226;449.07;467.7;0.06368;463.09;452.44;0.05854;1
509.4;594.23;0.93954;262.36;163.1;0.77505;280.71;152.57;0.94482;276.15;148.45;0.012675;355.08;193.79;0.99788;400.15;161.97;0.2061;415.59;381.39;0.96034;528.8;257.25;0.95022;172.38;469.54;0.87573;439.67;357.2;0.84141;243.79;285.01;0.89386;337.2;319.19;0.89706;572.51;638.84;0.34523;635.96;582.32;0.39392;419.88;587.48;0.042205;450.37;535.86;0.041205;469.85;582.44;0.0072909;443.14;587.48;0.0084686;1
347.74;343.51;0.92847;365.55;255.35;0.99441;391.12;230.66;0.99725;350.72;231.78;0.98373;462.41;217.94;0.98434;343.53;223.74;0.2505;537.45;272.18;0.94046;357.46;287.06;0.92796;427.04;409.15;0.8393;272.35;369.36;0.72389;384.9;307.66;0.83278;293.37;378.98;0.72446;551.92;509.15;0.44588;419.27;502.05;0.42801;438.65;488.16;0.056659;302.57;479.56;0.044291;437.36;476.21;0.020569;349.99;467.17;0.017585;1
427.75;379.48;0.93939;317.34;198.77;0.97829;322.99;171.82;0.99542;312.44;182.15;0.15127;396.77;146.3;0.99258;353.81;170.05;0.081666;519.99;163.36;0.91965;436.84;232.19;0.92894;512.72;339.11;0.83681;435.86;318.63;0.77418;327.72;357.18;0.84503;329.44;343.57;0.78549;625.67;405.1;0.31452;554.82;413.35;0.34522;476.59;407.83;0.039446;389.13;403.89;0.036403;450.35;390.07;0.014793;424.68;400.73;0.01475;1
390.51;430.92;0.94033;210.13;270.73;0.99386;219.03;257.05;0.96385;196;256.05;0.97894;234.37;260.96;0.3874;165.61;262.58;0.88618;232.09;327.85;0.98121;169.2;334.92;0.97687;310.84;383.84;0.91958;270.28;401.7;0.96203;396.71;400.34;0.90604;400.67;404.63;0.95514;291.6;487.07;0.95598;252.26;510.06;0.95796;393.53;368.61;0.9386;403.61;388.58;0.96183;404.2;542.18;0.88115;416.29;572.69;0.91054;1
228.81;237.67;0.92966;335.5;49.775;0.024083;332.24;43.771;0.010539;337.24;46.457;0.018683;306.89;43.484;0.60695;345.94;56.459;0.69773;265.27;82.374;0.92651;356.4;106.1;0.93524;240.85;49.82;0.83549;403.09;173.57;0.86219;290.53;46.537;0.73553;444.92;223.82;0.75483;285.4;231.55;0.75447;346.31;235.15;0.74892;309.18;213.34;0.20907;374.63;197.16;0.22093;316.2;232.86;0.081496;395.01;230.5;0.085366;1
297.75;363.83;0.9363;260.51;194.55;0.98897;261.43;165.3;0.98303;235.1;187.25;0.96901;268.21;120.37;0.60679;193.09;171.96;0.63265;336.56;169.27;0.96206;165.72;177.18;0.95183;383.14;304.63;0.92584;175.7;325.97;0.91101;291.97;365.99;0.9174;202.09;217.91;0.91983;312.2;324.89;0.90573;207.98;332.38;0.89708;396.65;371.33;0.62997;162.46;412.6;0.61342;318.2;433.81;0.25085;224.36;434.01;0.23645;1
310.64;452.72;0.94252;330.19;183.39;0.99472;349.28;158.26;0.99469;309.5;159.13;0.98688;383.27;142.36;0.90431;282.59;147.42;0.59296;424.5;183.09;0.96423;247.5;189.82;0.96137;457.68;288.94;0.92784;222.35;302.33;0.91689;388.36;138.52;0.9244;271.4;139.36;0.91518;392.81;386.66;0.91289;291.59;388.05;0.90988;456.79;327.69;0.75587;226.9;336.2;0.74554;420.43;491.56;0.42801;279.79;489.65;0.41881;1
356.5;328.79;0.94116;432.67;180.91;0.97122;444.45;184.06;0.40667;443.39;164.43;0.97847;441.24;170.52;0.028338;432.24;126.17;0.81351;384.76;195.81;0.94481;341.57;97.12;0.94584;358.73;243.11;0.87622;230.88;63.779;0.89993;350.37;303.44;0.84892;224.73;177.43;0.87316;257.22;277.51;0.87875;205.8;254.68;0.87609;308.18;349.6;0.4346;249.91;368.84;0.43239;275.5;361.35;0.14372;206.6;364.63;0.13301;1
382.29;338.87;0.94764;422.14;195.4;0.96672;436.32;191.74;0.33527;429.61;177.38;0.97554;434.68;167.58;0.01063;405.37;135.07;0.85664;381.88;193.77;0.94386;292.03;157.85;0.9682;424.03;296.3;0.87481;145.93;218.19;0.94179;467.65;215.08;0.8543;195.34;323.53;0.92172;316.64;331.26;0.90478;247.82;343.63;0.92192;459.12;337.13;0.60913;394.84;371.13;0.69334;437.04;445.08;0.2591;389.61;450.74;0.30183;1
249.14;253.81;0.91465;440.55;133.63;0.83966;445.26;128.31;0.10745;443.38;123.04;0.89053;424.99;113.58;0.021893;424.93;101.93;0.94243;404.84;150.02;0.97044;362.48;126.76;0.98444;441.1;212.83;0.91323;273.84;144.16;0.97394;460.04;151.32;0.88772;308.9;206.46;0.9545;377.81;276.48;0.94654;348.52;280.71;0.96033;476.88;282.81;0.60318;483.34;287.63;0.71754;477.61;367.85;0.17267;490.55;375.59;0.22087;1
403.96;405.68;0.94156;283.73;168.53;0.998;301.01;145.07;0.99885;271.37;155.8;0.9839;357.54;142.53;0.99437;273.34;166.21;0.30405;443.95;189.49;0.97045;294.09;234.77;0.95714;575.94;195.38;0.94242;279.22;347.33;0.90014;529.36;299.02;0.93378;312.03;377.74;0.8907;481.05;411.54;0.92818;368.96;408.91;0.91496;323.87;442.68;0.63086;237.58;404.8;0.56318;304.76;469.86;0.23715;284.21;479.09;0.21102;1
274.12;308.53;0.94031;199.36;140.3;0.98353;198.95;132.83;0.53698;191.66;134.53;0.98265;191.72;134.59;0.028264;171.42;140.2;0.79713;193.23;170.17;0.92441;175.26;174.5;0.95026;243.29;207.5;0.74429;228.75;213.16;0.91207;300.79;207.39;0.69474;295.6;211.35;0.88854;251.99;258.29;0.92194;247.39;269.21;0.93919;349.75;262.38;0.8829;357.59;269.7;0.92049;364.73;371.84;0.75639;372.29;379.64;0.80318;1
431.19;415.01;0.95761;372.64;155.81;0.98046;380.53;144.89;0.98793;372.25;144.91;0.2013;411.9;145;0.98487;392.86;143.88;0.267;439.67;201.33;0.95595;417.08;196.06;0.95885;390.58;288.27;0.92887;382.47;271.01;0.89545;323.27;253.56;0.9303;329.49;248.23;0.87479;371.35;346.78;0.95637;357.21;332.63;0.95633;217.66;350.66;0.95092;222;343.12;0.94029;131.53;476.51;0.85756;137.06;468.42;0.84297;1
107.9;529.31;0.93081;97.057;119.89;0.90574;102.16;109.47;0.95701;97.219;111.13;0.095595;126.62;110.54;0.99076;130.86;112.51;0.04913;152.9;170.44;0.9788;142.98;171.44;0.77014;139.81;264.71;0.96341;132.98;262.78;0.14653;105.62;340.07;0.90911;103.26;333.51;0.13768;128.84;327.02;0.97129;121.14;325.41;0.88887;128.23;448.94;0.96548;124.38;448.21;0.85612;157.57;570.97;0.88292;154.38;562.8;0.7231;1
238.6;380.22;0.93728;236.93;115.26;0.97964;236.48;101.27;0.99081;229.96;107.13;0.13002;264.63;77.613;0.98692;243.85;89.853;0.11432;337.73;88.044;0.94966;294.35;114.61;0.83109;370.29;173.18;0.93055;319.98;183.95;0.51189;293.72;184.73;0.90746;277.14;188.03;0.51281;383.89;217.07;0.92954;347.58;216.29;0.87644;231.62;227.88;0.93406;224.38;223.45;0.87029;279.63;370.88;0.84497;261.5;364.48;0.78019;1
453.7;349.66;0.94679;451.09;87.029;0.96888;461.47;78.191;0.96509;450.68;76.243;0.59126;489.73;81.279;0.93913;471.28;77.522;0.24028;484.77;128.48;0.92613;482.01;121.79;0.90808;409.65;165.2;0.90585;418.27;160.7;0.73385;319.84;153.75;0.90987;329.25;155.48;0.71773;406.25;248.22;0.94406;409.88;238.49;0.93326;279.81;271.54;0.94398;288.99;262.68;0.9208;175.99;346.41;0.85788;188.53;339.08;0.83084;1
342.97;418.61;0.94848;300.34;134.38;0.98686;311.29;122.24;0.10057;303.93;114.28;0.99621;276.95;100.88;0.0062129;265.74;80.114;0.93443;199.91;131.99;0.9435;167.79;129.63;0.96769;207.89;272.07;0.77171;176.16;278.48;0.93271;287.34;315.6;0.70834;287.01;318.64;0.90467;188.6;344.42;0.87666;162.66;362.88;0.89755;370.87;356.95;0.57364;388.94;381.02;0.67487;300.64;441.11;0.23638;299.62;445.53;0.28147;1
371.33;629.71;0.88666;249.68;111.23;0.99673;238.21;89.057;0.72667;218.87;108.31;0.99643;227.43;94.074;0.012528;164.86;149.75;0.92331;233.35;224.97;0.97796;137.52;266.88;0.97262;270.75;374.58;0.92392;163.66;454.01;0.9262;311.68;495.93;0.89244;283.65;551.17;0.91088;267.78;476.28;0.92348;186.36;515.25;0.91168;406.84;573.8;0.48299;290.26;629.57;0.4876;359.53;623.14;0.11091;189.22;607.76;0.10905;1
394.24;375.41;0.88431;411.31;212.6;0.98;410.19;187.88;0.99582;396.01;201.28;0.3449;455.07;134.74;0.99617;405.13;170.16;0.10148;569.93;209.19;0.91804;495.57;217.95;0.89145;620.51;421.29;0.77954;511.52;376.05;0.62577;427.26;407.13;0.79247;412.36;371.36;0.61781;541.4;445.44;0.31294;474.85;431.62;0.29556;283.76;438.02;0.05719;246.13;423.82;0.042618;316.51;409.68;0.020847;316.88;405.74;0.017351;1
444.72;442.89;0.91429;303.21;141.24;0.99782;321.53;116.91;0.99783;288.24;120.87;0.98849;369.29;106.1;0.96052;280.35;119.73;0.25269;441.04;168.26;0.97641;310.53;197.14;0.96764;399.25;320.07;0.94619;291.22;343.38;0.88543;281.7;415.57;0.91946;229.06;234.19;0.87289;545.51;406.28;0.89461;435.36;410.87;0.88451;443.65;335.56;0.70932;234.24;372.87;0.63166;375.51;454.25;0.40445;340.1;441.49;0.34769;1
447.77;632.35;0.93322;343.21;154.84;0.98323;336.67;129.26;0.074553;323.57;127.2;0.99428;278.41;137.93;0.0034543;239.17;147.84;0.9683;208.62;291.09;0.84622;172.23;288.53;0.95732;243.67;475.08;0.31174;243.9;460.23;0.88175;399.68;550.71;0.27042;408.02;545.71;0.81381;197.42;560.92;0.39471;163.89;572.02;0.54605;364.77;583.6;0.056643;330.17;590.96;0.11809;349.58;611.15;0.017269;322.25;595.36;0.027413;1
237.77;292.35;0.8992;382.36;141.87;0.99288;391.3;135.86;0.71322;378.5;125.74;0.99706;384.1;134.96;0.011586;348.38;108.8;0.89836;325.94;150.16;0.89111;300.99;136.95;0.95885;357.14;200.33;0.62035;286.62;219.8;0.93104;399.17;195.67;0.58843;372.2;216.14;0.89601;268.39;270.66;0.86579;242.92;275.67;0.91079;390.25;299.54;0.60777;384.98;309.29;0.74023;395.07;372.5;0.27709;405.29;377.76;0.35327;1
290.69;389.91;0.93403;349.85;189.86;0.98573;363.35;175.95;0.26021;351.45;163.14;0.99643;348.79;149.56;0.003432;306.02;118.99;0.91077;250.26;198.4;0.88598;205.29;200.39;0.94769;255.25;369.9;0.48738;209.25;387.52;0.80384;320.67;325.44;0.47975;312.84;320.8;0.76717;283.56;429.98;0.20567;237.25;437.1;0.26033;327.24;413.59;0.024706;281.52;413.25;0.035448;305.85;403.09;0.012965;251.38;401.64;0.015811;1
289.49;361.06;0.87189;273.39;183.91;0.97973;278.88;164.69;0.9933;270.1;167.32;0.1157;322.51;149.07;0.98089;313.62;149.5;0.13907;386.21;198.98;0.95838;382.45;176.21;0.94182;407.14;323.04;0.91753;383.87;271.39;0.82063;302.36;309.01;0.88839;313.34;283.59;0.79193;451.81;403.55;0.74787;449.38;387.14;0.73017;339.74;430.53;0.17362;357.51;423.04;0.14125;365.48;433.24;0.0455;398.84;422.7;0.040515;1
289.46;379.04;0.93601;345.25;150.39;0.97415;355.59;143.53;0.11006;348.08;137.5;0.99017;336.02;123.6;0.0085354;321.13;106.27;0.88074;283.25;133.99;0.95799;254.96;130.21;0.96484;287.58;218.16;0.88937;248.39;242.83;0.93865;350.44;247.53;0.85725;348.04;265.18;0.91994;259.57;302.52;0.92383;232.34;316.48;0.92675;412.98;321.88;0.6773;410.42;341.37;0.7303;409.1;431.99;0.28898;411.47;447.37;0.31691;1
489.27;379.72;0.95194;465.07;227.34;0.70977;467.97;207.54;0.018812;460.43;210.52;0.90917;392.76;175.94;0.0083737;387.17;203.54;0.94052;290.54;197.21;0.88259;275.12;262.29;0.91913;274.93;263.33;0.69627;195.42;428.49;0.80954;369.54;310.19;0.72427;365.39;403.54;0.80361;133.98;395.64;0.34416;101.16;429.03;0.32629;320.59;407.77;0.041904;307.22;424.43;0.050464;233.83;391.31;0.016513;250.73;408.42;0.017613;1
373.61;242.26;0.93701;319.57;290.79;0.97909;324.99;275.84;0.9912;316.19;277.68;0.16729;365.13;263.55;0.97946;345.06;262.86;0.13552;417.34;284.35;0.92473;408.33;271.28;0.92873;328.53;366.93;0.87608;331.28;337.37;0.81365;241.95;345.66;0.8629;255.37;327.44;0.80837;482.43;448.22;0.50677;467.69;437.62;0.52501;360.45;424.74;0.11403;344.12;407.78;0.10003;384.69;437.99;0.050277;370.56;433.46;0.047189;1
379.64;384.23;0.94516;309.35;158.02;0.98712;318.94;137.85;0.99265;308.99;140.6;0.21239;368;133.12;0.96787;361.69;134.67;0.1451;418.71;198.61;0.96194;426.85;190.09;0.96186;315.32;276.37;0.93523;304.1;230.22;0.88438;250.41;264.29;0.91999;245.1;244.58;0.87003;483.51;407.23;0.86353;479.74;391.76;0.86913;310.28;423.38;0.41998;319.77;405.17;0.36606;378.06;447.34;0.11734;391.99;440.51;0.10641;1
184.57;311.56;0.94011;330.19;208.57;0.98829;339.88;201.79;0.38917;332.55;193.33;0.99566;331.1;181.83;0.0081755;312.14;164.21;0.85751;273.87;208.13;0.79199;255.49;200.6;0.95159;248.79;314.56;0.28753;231.2;307.23;0.87119;276.49;397.87;0.18503;266.61;400.3;0.72122;266.95;399.86;0.52503;251.38;403.33;0.69708;281.18;439.61;0.083258;275.23;442.28;0.15611;279.72;430.38;0.035963;264.12;435.32;0.05314;1
98.622;374.25;0.91767;156.96;108.27;0.9509;161.01;98.348;0.97629;157.74;99.051;0.12251;185.26;99.356;0.99183;190.65;99.84;0.067125;201.59;156.55;0.97579;214.13;151.16;0.83372;193.21;254.22;0.95862;210.58;247.69;0.22636;163.9;332.51;0.89803;178.02;323.03;0.17962;199.08;305.09;0.92788;213.45;300.19;0.80383;191.75;424.39;0.57508;203.16;419.4;0.27163;198.9;438.25;0.12048;210.68;434.07;0.053999;1
340.55;399.06;0.94912;371.39;148.53;0.98717;373.13;128.15;0.99557;366.23;132.14;0.081878;418.33;104.64;0.98948;406.85;113.7;0.10415;484.9;167.23;0.9633;467.6;160.53;0.93033;481.31;316.2;0.93881;463.48;289.37;0.77007;380.96;273.51;0.92572;383.38;267.9;0.74943;482.7;377.43;0.87905;462.92;355.72;0.84459;266.11;414.82;0.56098;273.74;389.25;0.43587;347.68;432.82;0.17182;328.47;432.99;0.13598;1
313.62;405.28;0.9496;361.4;137.48;0.98355;369.84;125.95;0.10896;363.38;117.91;0.99604;343.61;106.18;0.0027094;326.87;85.14;0.93461;277.69;144.04;0.9161;235.28;126.3;0.97052;271.61;265.44;0.62922;231.49;274.08;0.94162;344.4;256.54;0.56765;342.19;249.31;0.90477;243.84;330.04;0.8616;205.1;331.28;0.90765;354.56;414.59;0.51313;410.3;371.74;0.66804;227.5;427.93;0.17088;348.61;443.84;0.23425;1
237.07;355.92;0.94927;203.63;292.61;0.98196;205.22;282.17;0.98891;198.01;285.88;0.31162;228.56;265.33;0.98307;207.93;274.9;0.24576;266.66;284.59;0.94699;242.32;291.28;0.95493;241.93;366.16;0.91433;220.66;354.06;0.9081;191;368.63;0.89604;167.34;361.63;0.89245;333.71;391.39;0.96459;303.59;387.09;0.9684;241.01;432.38;0.96553;222.23;417.47;0.96326;252.66;553.47;0.92193;216.92;525.57;0.92184;1
256.77;317.04;0.93916;399.03;201.49;0.98621;395.6;187.18;0.99361;391.07;193.44;0.15069;421.03;160.05;0.99214;408.46;174.14;0.19442;496.95;190.13;0.95882;463.21;199.23;0.94236;533.29;286.92;0.93326;489.07;287.84;0.86393;444.84;322.32;0.91515;435.47;312.2;0.83595;521.65;354.33;0.91502;488.66;343.15;0.90335;356.41;373.75;0.70328;352.91;361.4;0.63815;381.11;448.2;0.31823;373.25;445.26;0.28423;1
256.77;317.04;0.93916;399.03;201.49;0.98621;395.6;187.18;0.99361;391.07;193.44;0.15069;421.03;160.05;0.99214;408.46;174.14;0.19442;496.95;190.13;0.95882;463.21;199.23;0.94236;533.29;286.92;0.93326;489.07;287.84;0.86393;444.84;322.32;0.91515;435.47;312.2;0.83595;521.65;354.33;0.91502;488.66;343.15;0.90335;356.41;373.75;0.70328;352.91;361.4;0.63815;381.11;448.2;0.31823;373.25;445.26;0.28423;1
281.86;463.2;0.95118;196.25;211.08;0.98543;193.61;198.24;0.98948;188.11;205.31;0.22538;211.58;171.83;0.98347;198.49;187.11;0.13733;270.07;204.43;0.9517;243.09;211.3;0.86358;284.39;298.65;0.94095;262.68;290.25;0.63565;223.21;283.96;0.92922;219.49;284.35;0.63988;288.01;335.52;0.96647;256.84;339.34;0.94461;151.17;375.8;0.97674;145.87;416.14;0.95845;253.39;457.96;0.9473;132.9;550.32;0.92452;1
394.69;522.93;0.95748;286.51;163.13;0.97303;293.02;152.6;0.19389;285.25;146.9;0.97829;273.48;141.93;0.01759;252.94;124.91;0.83369;222.02;180.44;0.95269;205.24;186.68;0.95657;253.66;288.95;0.87134;246.23;304.13;0.92287;301.55;236.42;0.84223;296.14;233.33;0.91754;270.47;344.19;0.95563;262.1;361.28;0.95712;440.45;363.43;0.94567;444.44;377.82;0.95774;446.62;532.12;0.84487;451.98;552.55;0.86407;1
282.7;525.48;0.94156;260.93;175.86;0.99041;262.26;159.17;0.99388;253.78;165.46;0.19625;294.38;135.5;0.98604;279.82;148.8;0.17062;348.96;194.6;0.96775;328.31;194.29;0.95791;358.74;316.63;0.95128;323.78;312.62;0.89875;274.54;367.24;0.94394;267.72;294.2;0.88887;356.64;384.51;0.9631;337.43;372.02;0.95863;181.1;412.09;0.94783;185.58;395.72;0.92877;229.17;568.45;0.83141;234.35;549.37;0.80609;1
308.7;353.28;0.93041;314.67;114.57;0.95852;316.43;96.645;0.98984;311.79;99.207;0.066302;354.39;82.923;0.99104;360.15;79.737;0.096955;422.86;114.74;0.96114;431.46;100.98;0.93088;438.36;250.38;0.93695;416.68;217.19;0.80627;338.15;237.06;0.90857;347.46;222.54;0.77387;489.85;333.77;0.83175;489.42;314.2;0.79879;299.33;344.53;0.34825;309.02;325.15;0.25885;349.62;383.8;0.08983;350.99;379.24;0.07264;1
273.69;358.72;0.9434;143.65;27.129;0.19588;148.19;18.659;0.061162;142.33;21.244;0.0067134;170.63;18.86;0.17339;184.99;16.66;0.032992;225.61;41.104;0.90874;235.35;37.376;0.81272;240.7;171.57;0.9506;221.73;165.99;0.77262;140.22;187.08;0.93173;136.08;168.74;0.76295;274.64;255.42;0.93223;272.22;239.51;0.9037;93.555;284.93;0.71572;113.64;264.76;0.58894;112.33;400.73;0.26795;124.47;385.43;0.21046;1
118.93;394.25;0.92971;208.52;95.486;0.99453;216.16;87.592;0.99129;200.63;87.789;0.98925;227.92;81.966;0.78938;188.86;81.874;0.74281;241.43;109.49;0.98249;169.39;122.4;0.98389;219.27;134.07;0.9552;154.75;184.21;0.95941;189.64;107.85;0.9444;181.39;167.18;0.95343;232.88;234.47;0.99022;186.74;237.47;0.99037;230.26;324.58;0.98485;195.2;327.31;0.98528;225.96;412.94;0.95275;202.21;413.54;0.95349;1
343.6;418.64;0.95605;300.54;145.18;0.98742;311.6;132.08;0.1365;302.82;125.57;0.99595;282.72;108.8;0.006415;263.75;90.708;0.9329;211.12;144.23;0.95513;170.46;138.9;0.97001;215.1;277.89;0.83098;177.27;290.96;0.93734;282.82;323.34;0.77684;291.43;330.1;0.91335;197.18;353.27;0.89367;158.41;372.83;0.90519;392.94;370.38;0.58198;380.77;393.93;0.66719;315.66;448.75;0.23251;302.21;452.48;0.27023;1
229.77;309.49;0.92752;290.31;147.94;0.98374;292.68;141.07;0.43578;285.15;139.31;0.98956;279.9;138.2;0.010472;261.55;135.6;0.86718;248.83;170.4;0.90933;226.66;160.68;0.96013;261.06;226.98;0.68521;251.83;222.33;0.93566;315.4;219.69;0.62997;311.52;215.56;0.89416;190.67;261.44;0.92422;169.09;260.04;0.94916;275.19;282.8;0.88507;263.9;278.01;0.93116;295.61;380.27;0.78024;285.74;383.39;0.83327;1
378.16;240.67;0.95307;296.23;298.92;0.9781;301.32;284.28;0.99211;293.16;285.43;0.13899;342.09;271.32;0.98281;326.38;271.06;0.12976;400.57;287.84;0.92606;382.31;281.53;0.92944;308.84;381.71;0.86859;302.85;344.19;0.80178;217.77;358.49;0.8463;226.58;336.99;0.7862;466.8;456.14;0.46182;443.71;447.35;0.48031;345.44;428.7;0.089851;315.8;417.42;0.078048;369.9;433.06;0.042223;338.95;427.25;0.039278;1
432.86;458.54;0.94694;276.68;229.56;0.98414;306.36;204.79;0.9964;276.04;198.3;0.70896;397.22;206.43;0.99129;306.36;190.32;0.083883;486.94;238.95;0.93269;368.58;273.71;0.93612;478.98;455.12;0.86338;254.7;328.77;0.79519;346.82;385.45;0.87932;270.87;193.14;0.83526;658.44;483.86;0.42242;563.4;490.48;0.45354;511.49;502.87;0.06181;385.49;488.91;0.05371;513;495.67;0.018455;468.33;493.71;0.017765;1
174.92;343.31;0.93814;379.64;105.01;0.95935;382.6;96.319;0.97613;377.96;97.446;0.16884;402.76;91.853;0.97867;401.82;92.426;0.21532;430;134.12;0.9595;424.68;127.16;0.94659;408.98;209.76;0.94104;408.15;194.8;0.86757;356.86;205.04;0.9125;360.5;198.54;0.8308;458.23;242.59;0.97024;446.6;234.51;0.96571;366.3;274.39;0.95028;365.12;263.36;0.93396;399.38;370.07;0.87399;380.46;364.2;0.85543;1
262.12;349.71;0.94238;243.1;165.22;0.9686;244.44;154.95;0.11551;238.56;152.89;0.98718;206.59;149.16;0.0064203;202.51;148.68;0.91554;158.69;181.23;0.95673;149.59;184.07;0.96866;178.51;238.22;0.88585;184.47;270.76;0.94964;230.19;254.24;0.85377;247.15;272.66;0.92275;109.37;338.6;0.94514;96.544;351.58;0.95081;239.7;355.54;0.76918;253.77;375.05;0.82203;204.87;448.51;0.41018;223.22;462.83;0.45213;1
423.3;392.22;0.95017;335.72;195.04;0.98885;344.4;172.71;0.99694;332.58;175.15;0.1997;406.15;157.66;0.98878;370.67;161.98;0.086387;493.25;192.8;0.9365;442;206.32;0.94458;478.83;356.34;0.88462;400.5;306.84;0.84094;324.4;347.81;0.8863;299.5;322.86;0.84284;598.41;437.73;0.47398;549.04;428.4;0.51479;394.89;434.34;0.06606;358.6;424.18;0.059025;421.35;423.47;0.020412;417.09;426.09;0.019557;1
423.3;392.22;0.95017;335.72;195.04;0.98885;344.4;172.71;0.99694;332.58;175.15;0.1997;406.15;157.66;0.98878;370.67;161.98;0.086387;493.25;192.8;0.9365;442;206.32;0.94458;478.83;356.34;0.88462;400.5;306.84;0.84094;324.4;347.81;0.8863;299.5;322.86;0.84284;598.41;437.73;0.47398;549.04;428.4;0.51479;394.89;434.34;0.06606;358.6;424.18;0.059025;421.35;423.47;0.020412;417.09;426.09;0.019557;1
489.01;425.28;0.95763;368.33;114.25;0.98933;382.18;97.288;0.037522;376.64;85.249;0.9957;334.06;69.467;0.006683;327.03;37.236;0.94118;220.59;112.04;0.87143;202.49;110.55;0.9551;207.35;300.24;0.48177;181.37;349.98;0.90466;341.09;320.28;0.45673;361.69;334.82;0.88612;222.03;372.03;0.69713;207.99;406.46;0.77928;434.9;357.32;0.32079;518.72;428.3;0.47368;401.6;433.92;0.099011;463.83;449.18;0.13048;1
292.13;390.39;0.94845;348.99;203.97;0.99036;362.16;187.92;0.22775;351.75;175.69;0.99769;343.38;161.79;0.0027672;307.88;128.97;0.88897;253.46;214.2;0.91595;197.69;214.04;0.94571;281.06;393.34;0.65815;209.22;402.09;0.81355;331.46;340.79;0.67252;311.69;326.82;0.80682;291.1;445.38;0.23766;235.18;450.88;0.26154;343.69;420.9;0.028692;279.53;415.81;0.035471;307.55;407.19;0.015305;245.81;407.26;0.017044;1
349.42;411.55;0.947;268.84;187.88;0.98387;271.27;162.28;0.99428;259.02;170.09;0.19236;322.81;124.51;0.97903;287.52;143.21;0.11102;418.48;216.92;0.91302;377.1;217.94;0.90937;398.42;428.5;0.67139;386.21;402.93;0.63769;279.83;436.46;0.64413;290.18;368.01;0.63232;435.18;453.17;0.13064;386.18;446.98;0.14061;319.45;406.33;0.01736;273.79;410.87;0.016337;340.08;401.09;0.0094417;323.98;396.71;0.0092273;1
383.95;306.51;0.90094;463.92;127.2;0.99216;484.04;120.25;0.99607;470.52;116.72;0.47192;523.79;147.19;0.99243;482.19;132.4;0.32854;518.11;228.88;0.90292;464.47;215.75;0.86384;581.72;127.51;0.6779;440.39;252.55;0.46817;515.11;154.68;0.60961;361.55;338.71;0.34635;371.9;385.84;0.5315;339.42;359.99;0.47516;210.29;379.62;0.099004;218.84;365.97;0.074252;282.28;378.58;0.035251;271.09;375.82;0.028677;1
297.63;303.41;0.93976;282.13;205.37;0.99429;305.42;181.08;0.99716;270.79;179.67;0.97642;361.98;176.83;0.97727;263.56;172.99;0.26934;439.48;202.07;0.9513;267.82;219.12;0.91556;474.11;327.72;0.86658;201.66;320.61;0.62328;322.24;348.47;0.81642;164.04;349.19;0.56482;452.68;407.38;0.51918;339.27;408.66;0.45615;428.16;424.11;0.069422;261.48;417.79;0.049014;399.06;407.17;0.02352;323.06;399.42;0.019308;1
217.81;456.53;0.9458;199.01;129.63;0.98478;208.86;119.21;0.99266;201.62;118.87;0.13973;239.46;131.17;0.99005;232.92;127.1;0.20129;276.92;195.79;0.97064;260.42;188;0.96634;261.96;308.92;0.9497;245.93;287.3;0.90239;180.58;337.88;0.93319;183.71;317.73;0.87729;290.8;350.15;0.9651;275.05;334.43;0.96336;145.38;378.79;0.94908;160.47;349.5;0.93472;229.25;494.26;0.86165;229.99;478.8;0.84733;1
431.04;392.28;0.95189;320.87;182.01;0.9895;324.27;159.82;0.56187;304.85;157.78;0.99664;306.75;152.28;0.0072385;236.06;147.77;0.94456;244.48;215.42;0.94376;127.78;212.89;0.95614;306.55;288.9;0.8144;160.71;360.79;0.90447;362.81;314.69;0.81775;324.8;347.58;0.89779;168.37;429.32;0.58934;72.82;439.88;0.5881;327.02;428.94;0.078271;226.8;440.93;0.098113;263.75;426.91;0.026781;194.55;419.98;0.030271;1
352.26;471.92;0.94518;298.35;104.43;0.98524;306.7;92.896;0.9908;299.92;93.254;0.22105;341.25;96.274;0.99102;327.16;97.146;0.21862;344.77;173.19;0.96064;339.19;165.9;0.94079;299.01;272.32;0.93718;287.75;254.86;0.80865;217.13;290.82;0.9277;218.7;283.3;0.78314;276.14;317.22;0.95315;274.32;302.8;0.94086;123.3;334.49;0.94116;136.12;319.06;0.90973;122.29;479.83;0.80943;127.64;459.91;0.76458;1
227.56;417.35;0.93792;296.39;176.74;0.98476;303.18;166.49;0.99123;296.65;167.3;0.1739;333.45;169.57;0.99;330.15;169.26;0.13741;362;220.72;0.95121;363.01;214.42;0.83032;361.39;319.19;0.92591;354.44;309.21;0.4455;292.4;344.29;0.89559;295.5;340.76;0.41948;370.7;363.63;0.91989;370.19;353.4;0.85375;235.71;380.67;0.90627;249.51;365.4;0.80954;257.71;508.48;0.76447;262.42;489.88;0.66887;1
289.8;406.72;0.93673;325.33;171.46;0.98471;331.75;153.75;0.41536;316.41;150.93;0.99391;313.6;139.55;0.0065743;257.7;128.62;0.91779;257.06;202.17;0.94932;183.05;215.8;0.96115;269.96;331.13;0.82032;212.25;391.82;0.89642;307.55;385.51;0.80139;324.84;305.79;0.8918;276.68;415.51;0.60602;214.44;436.45;0.61709;400.56;432.21;0.090045;362.28;449.54;0.11074;336.69;424.26;0.028268;295.74;423.34;0.032122;1
501.63;420.98;0.94922;213.15;25.35;0.058627;212.91;20.1;0.0028246;205.89;19.922;0.01472;189.26;25.937;0.0059104;175.82;20.75;0.22838;169.08;77.683;0.59294;140.35;75.487;0.76552;238.36;215.51;0.77081;196.93;239.54;0.93758;356.9;278.83;0.80414;305.5;348.43;0.9465;290.17;277.14;0.89598;268.66;297.11;0.92751;482.06;392.92;0.39253;482.13;399.01;0.53558;511.79;441.91;0.058136;527.99;456.36;0.081749;1
355.97;344.82;0.93567;281.46;172.76;0.9883;281.84;156.14;0.55023;264.62;156.26;0.99751;261.66;157.75;0.0070084;203.9;160.06;0.9798;224.9;216.41;0.96781;124.42;204.33;0.98015;257.94;297.66;0.88797;106.37;349.5;0.9561;298.46;320.63;0.88454;253.49;335.33;0.94362;161.95;413.58;0.63719;70.767;423.44;0.64415;289.42;394.4;0.052456;188.28;406.56;0.072832;237.39;400.96;0.015424;172.76;413.99;0.019056;1
293.32;328.74;0.94539;278.87;201.52;0.9841;281.26;185.61;0.99354;274.75;189.03;0.15092;317.15;168.92;0.9915;305.12;173.12;0.17275;372.68;223.74;0.96279;361.14;215.73;0.95774;350.42;347.58;0.9333;335.53;324.14;0.88456;252.13;359.6;0.91634;259.52;343.19;0.85698;366.14;395.77;0.8824;356.2;375.98;0.87852;178.91;396.4;0.60518;199.12;369.53;0.54029;188.49;471.81;0.22557;197.31;458.68;0.20265;1
245.92;260.74;0.93871;385.98;85.499;0.98594;391.38;72.334;0.99355;383.94;73.754;0.26489;424.91;64.361;0.98412;416.65;65.852;0.13727;456.06;120.64;0.95734;461.99;109.93;0.86776;431.27;230.04;0.91668;442.69;213.39;0.47205;369.16;168.91;0.87015;380.48;178.95;0.41626;460.55;266.42;0.80946;459.27;254.23;0.70255;302.64;270.79;0.50383;307.38;257.14;0.32244;336.3;301.6;0.1863;345.04;301.22;0.12762;1
363.44;378.56;0.9432;349.42;162.97;0.98141;353.71;149.92;0.48376;340.63;140.72;0.9928;338.59;148.2;0.0055911;288.13;127.2;0.93966;273.14;200.96;0.94977;212.96;163.31;0.96809;360.42;276.02;0.8324;235.29;299.93;0.93595;371.97;165.99;0.82214;337.43;296.88;0.91054;151.01;357.08;0.82933;101.96;356.42;0.84713;331.48;376.37;0.34315;316.89;407.13;0.43819;243.82;432.47;0.10045;212.75;437.14;0.12213;1
216.6;265.16;0.9424;256.59;124.96;0.97792;257.83;112.48;0.99104;251.19;115.77;0.25455;286.6;94.664;0.98634;273.08;99.928;0.18389;319.93;132.03;0.93496;314.3;125.09;0.90552;299.17;226.2;0.88123;304.68;211.98;0.73933;231.89;225.87;0.84538;259.42;212.18;0.71007;346.41;302.92;0.57619;332.79;297.57;0.53277;309.19;310.01;0.094003;282.95;305.2;0.073778;331.98;303.11;0.037191;304.73;290.43;0.03238;1
303.99;334.53;0.94668;253.12;208.39;0.6322;259.92;198.68;0.024013;256.66;196.66;0.62221;225.6;170.14;0.024347;239.05;174.82;0.79059;179.04;190.93;0.83302;185.95;194.42;0.94471;187.03;302.06;0.56068;187.14;308.62;0.93103;250.32;310.65;0.50167;261.13;310.16;0.89061;174.57;359.7;0.8668;173.26;362.38;0.91983;319.53;405.44;0.68194;335.53;341.62;0.81276;309.83;461.38;0.36827;379.28;449.74;0.48069;1
364.55;385.2;0.95957;335.49;167.55;0.98084;345.94;161.75;0.98413;336.85;159.63;0.49381;370.91;173.39;0.97764;348.37;167.01;0.39618;361.33;222.08;0.95493;335.83;217.32;0.95981;288.21;267.99;0.93048;282.22;261.42;0.91243;278.53;244.65;0.92983;276.53;246.08;0.89486;283.34;340.39;0.96976;269.94;332.17;0.96953;185.93;387.2;0.95727;189.06;393.04;0.9509;96.667;468.87;0.86909;102.94;469.93;0.85808;1
399.97;410.9;0.94091;331.4;179.85;0.98453;339.87;159.89;0.99465;326.65;161.52;0.39174;398.74;139.2;0.99454;364.88;139.92;0.032139;508.55;205.33;0.97972;422.14;186.54;0.96492;505.06;387.01;0.95901;415.17;315.57;0.86856;355.75;370.01;0.9463;339.14;345.02;0.86145;557.33;440.31;0.60856;473.65;417.11;0.59831;434.72;443.99;0.062347;358.05;417.16;0.046997;447.86;437.73;0.014462;398.02;424.57;0.012707;1
421.39;423.98;0.93246;253.77;25.568;0.12759;265.64;16.826;0.025607;249.64;19.92;0.0093738;305.49;19.699;0.061902;261.22;24.184;0.023512;355.77;80.325;0.86224;286.34;88.245;0.85694;429.59;198.93;0.9427;250.33;220.33;0.90733;366.58;262.37;0.94766;142.42;242.03;0.90954;316.73;343.5;0.93516;259.11;320.55;0.93292;96.232;420.41;0.47968;86.045;395;0.42722;234.43;417.57;0.10015;186.33;418.77;0.091053;1
470.58;321.32;0.95129;275.46;205.94;0.99566;285.15;187.59;0.99825;272.17;189.22;0.37688;336.51;177.19;0.9897;297.91;180.39;0.17859;429.05;228.24;0.94921;332.21;239;0.95403;557.18;297.34;0.90665;285.06;314;0.89523;499.59;380.41;0.90888;200.42;336.21;0.8936;452.95;424.07;0.68625;380.38;417.96;0.70355;420.76;462.21;0.098284;334.9;452.47;0.10013;428.81;438.7;0.027718;374.2;432.72;0.029188;1
410.24;565.29;0.94628;433.94;238.64;0.9866;454.1;219.64;0.49288;434.81;201.86;0.99547;440.36;183.33;0.0063342;377.88;137.77;0.97927;302.02;233.36;0.79705;215.58;232.6;0.97507;319.14;437.37;0.23918;212.17;492.37;0.93546;409.4;401.86;0.28489;395.33;398.94;0.90422;310.12;569.99;0.16747;221.24;588.2;0.32728;392.42;498.17;0.010427;318.88;511.76;0.030938;348.29;514.24;0.0053975;309.42;530.98;0.011137;1
341.34;317.22;0.93435;267.66;216.49;0.99243;287.65;195.41;0.99759;263.54;194.9;0.8565;350.37;192.79;0.99208;279.74;192.37;0.15382;457.28;243.66;0.95508;309.99;253.99;0.93861;525.95;384.91;0.89401;280.71;328.49;0.81215;371.57;399.3;0.88219;260.88;365.01;0.80945;497.05;434.49;0.55348;393.27;429.7;0.53588;436.07;455.92;0.070619;299.79;442.88;0.058376;430.92;432.01;0.023715;363.43;425.15;0.0215;1
313.7;397;0.89235;320.37;133.91;0.97238;331.91;112.72;0.98739;319.8;117.56;0.20063;379.38;112.78;0.97304;360.68;118.55;0.15141;422.29;180.69;0.96021;405.76;193;0.94749;493.44;230.15;0.93758;357.7;277.68;0.88049;527.62;317.76;0.92837;337.71;179.36;0.88353;510.15;396.6;0.89108;489.21;386.66;0.87755;313.97;436.84;0.45096;313.36;418.16;0.37459;397.89;443.9;0.11609;403.54;433.21;0.10003;1
221.6;333.44;0.93854;365.14;240.96;0.9771;361.45;222.13;0.99288;354.08;230.95;0.19665;392.17;184.06;0.99007;370.12;205.6;0.16572;479.77;232.61;0.9395;425.65;238.1;0.88522;509.65;365.47;0.86796;440.1;348.48;0.63416;402.96;307.91;0.83399;396.02;299.06;0.60404;465.13;435.36;0.54583;414.62;429.6;0.47306;425.24;450.06;0.079403;381.83;449.74;0.058418;440.88;434.48;0.028317;399.05;430.4;0.023718;1
288.52;274.55;0.90217;323.76;219.46;0.95027;329.08;205.93;0.98033;324.08;207.1;0.079001;364.59;203.6;0.97264;365.48;202.67;0.13618;418.1;249.16;0.95769;390.02;242.62;0.94971;413.35;368.67;0.93376;391.07;308.02;0.87575;329.72;351.16;0.91387;338.15;323.47;0.86001;511.69;404.02;0.82852;475.51;389.91;0.82481;370.76;433.04;0.32265;360.73;415.64;0.2747;407.36;475.86;0.083411;411.72;458.22;0.075273;1
176.23;331.79;0.94974;256.08;223.99;0.8818;268.28;215.18;0.88405;242.89;214.38;0.77755;296.38;179.93;0.85333;221.94;180.21;0.52538;311.05;190.72;0.95054;206.32;190.59;0.95496;330.54;275.76;0.91446;180.84;275.62;0.92221;313.02;303.09;0.89468;207.27;303.81;0.89979;286.39;321.14;0.95701;218.27;320.57;0.95834;240.38;346.9;0.86332;231.92;380.26;0.86365;201.8;445.26;0.64363;258.51;437.16;0.63895;1
287.37;239.68;0.87356;333.14;315.82;0.99278;335.88;307.54;0.82396;322.78;303.09;0.99514;326.34;312.66;0.023234;289.03;305.76;0.88567;290.07;352.51;0.94429;257.42;330.59;0.95552;371.61;391.77;0.81911;309.62;411.5;0.89392;327.07;342.76;0.77401;334.55;403.5;0.83227;201.91;460.67;0.826;166.86;457.68;0.83679;292.93;494.57;0.35484;279.81;502.14;0.41615;234.95;507.22;0.13515;229.11;512.77;0.15338;1
281.67;244.72;0.92343;377.33;310.74;0.97749;375.31;300.59;0.37907;364.89;298.92;0.98973;351.35;307.16;0.016762;328.48;306.29;0.9624;319.2;353.72;0.96477;295.55;328.63;0.96541;384.22;389.09;0.8538;302.72;416.35;0.85244;377.19;336.62;0.82781;343.29;410.1;0.75946;192.93;478.01;0.84202;167.17;475.7;0.81772;315.29;487.1;0.29033;297.48;503.7;0.31548;263.7;508.39;0.063121;256.49;516.15;0.064036;1
296.01;361.33;0.93052;272.91;196.28;0.98766;278.53;177.44;0.99604;268.32;179.77;0.16759;323.02;161.67;0.98776;311.59;162.79;0.13157;385.11;203.42;0.95652;377.52;188.02;0.93781;405.69;333.28;0.91928;383.36;284.95;0.82676;304.51;318.52;0.89466;311.26;292.81;0.80677;440.3;419.59;0.70922;422.17;405.95;0.68621;333.93;440.26;0.13505;331.26;432.72;0.1086;366.52;427.92;0.040227;371.1;419.51;0.035518;1
495.28;330.76;0.90503;417.91;174.85;0.98539;426.25;160.26;0.24483;415.54;151.9;0.99536;405.66;143.97;0.0060369;370.96;123.6;0.8898;358.41;193.86;0.94961;288.57;170.46;0.94977;428.95;262.5;0.86235;142.49;200.41;0.90076;515.07;321.83;0.85131;166.45;303.81;0.89403;258.75;350.04;0.70152;203.72;350.18;0.69118;422.02;357.57;0.14632;294.88;367.4;0.16175;352.79;379.64;0.048873;282.42;386.11;0.049891;1
287.67;197.24;0.919;396.91;331.82;0.41138;398.39;323.13;0.58074;394.66;319.98;0.039482;428.57;312.07;0.89242;459.49;281.8;0.1281;479.55;330.77;0.87156;525.38;280.59;0.79949;363.1;354.16;0.60016;459.72;321.08;0.31862;351.21;333.44;0.31698;400.02;329.12;0.16258;579.74;462.78;0.53745;612.52;440.47;0.49675;419.06;428.59;0.19299;441.74;416.25;0.14199;438.3;469;0.088108;476.14;453.52;0.072861;1
391.04;362.05;0.94204;297.33;179.94;0.93155;299.37;165.11;0.98264;295.67;166.01;0.086084;335.16;162.38;0.9903;358.5;151.96;0.15943;372.66;228.55;0.96671;428.45;178.83;0.95802;278.24;357.54;0.93658;388.02;247.31;0.88113;258.55;300.66;0.90122;312.46;263.58;0.8533;532.42;408.19;0.88978;548.43;391.55;0.88811;348.54;338.34;0.66711;335.83;390.44;0.60131;331.33;418.05;0.31576;355.37;435.41;0.27244;1
213.04;339.4;0.95279;335.21;139.48;0.98821;336.11;129.99;0.99415;330.79;132.88;0.2599;357.26;116.12;0.98927;345.01;121.34;0.15776;403.14;145.49;0.95176;377.66;142.92;0.86903;417.45;225.01;0.93686;388.92;212.63;0.62254;350.81;233.66;0.91348;350.59;233.12;0.59116;410.01;253.74;0.95665;386.8;244.66;0.92812;298.64;283.62;0.95585;291.73;273.01;0.91841;301.97;399.76;0.89683;287.66;375.15;0.85783;1
477.17;407.53;0.93865;330.77;244.75;0.99379;350.01;203.86;0.9957;311.72;214.28;0.93219;431.38;170.73;0.92853;309.12;200.93;0.1778;550.57;336.1;0.83432;353.19;301.2;0.80038;533.85;467.06;0.26493;313.48;429.34;0.21144;333.61;450.15;0.27032;258.83;432;0.22004;480.7;469.02;0.034221;359.85;455.25;0.034385;393.59;401.78;0.010026;306.78;395.57;0.0090875;396.18;395.63;0.0085058;344.49;398.02;0.0080854;1
376.09;413.35;0.89292;261.54;161.31;0.99258;271.63;136.49;0.99728;251.59;144.76;0.70607;325.34;114.58;0.98904;263.2;134.19;0.11245;422.8;200.98;0.96558;344.42;206.74;0.95551;484.61;393.1;0.92231;357.32;346.17;0.85509;326.99;385.71;0.91389;282.4;364.93;0.84121;469.38;428.87;0.77269;392.41;406.83;0.76653;219.27;437.92;0.31127;180.53;416.64;0.25347;255.7;444.18;0.080466;224.17;446.32;0.069465;1
504.78;406.9;0.95292;235.51;124.88;0.99838;252.84;101.78;0.99856;226.11;114.66;0.9845;314.1;101.52;0.99217;234.36;125.97;0.23073;405.78;179.64;0.97365;276.47;214.17;0.96051;577.4;214.44;0.93541;287.77;338.28;0.87967;489.75;303.73;0.92667;254.99;353.27;0.863;423.81;399.36;0.89832;322.18;385.16;0.87994;203.88;426.16;0.51617;148.36;411.77;0.43807;249.56;433.35;0.15175;160.85;455.49;0.12812;1
485.45;405.83;0.95177;218.66;145.98;0.98577;212.54;118.29;0.99582;210.74;132.85;0.12204;247.76;87.719;0.99498;291.69;106.25;0.24172;286.3;155.28;0.97022;414.95;146.21;0.94952;352.68;241.23;0.9262;550.84;228.99;0.84974;436.71;324.98;0.86952;514.42;311.35;0.74545;364.96;411.2;0.86724;447.43;408.98;0.84409;150.17;404.6;0.39437;203.28;367.06;0.31756;175.9;450.24;0.094031;209.43;444.81;0.081091;1
487.87;410.61;0.95091;231.75;140.31;0.99578;242.42;119.43;0.99811;225.41;125.33;0.71899;295.71;104.75;0.9931;246.8;119.86;0.17513;380.92;170.15;0.97121;293.47;206.69;0.95237;547.49;218.44;0.94159;306.44;332.43;0.86862;480.02;297.57;0.93259;278.52;353.17;0.85026;416.27;396.44;0.89598;340.62;383.26;0.87198;173.26;425.48;0.50445;143.96;403.73;0.41257;198.5;433.53;0.13507;125.09;454.87;0.111;1
519.12;402.23;0.9532;227.78;167.44;0.99698;231.42;139.61;0.99857;209.87;157.17;0.93525;275.59;102.55;0.99264;209.85;147.35;0.22638;392.14;164.09;0.97246;264.54;208.42;0.95434;577.66;227.36;0.9365;251.36;331.37;0.87687;483.18;314.36;0.92623;267.85;351.48;0.86331;423.78;390.39;0.89357;322.64;380.38;0.87218;200.25;432.08;0.48277;143.56;411.5;0.40276;267.95;432.14;0.1334;169.41;451.13;0.11209;1
478.19;407.36;0.95031;226.6;129.21;0.99742;243.57;105.46;0.99827;218.13;118.7;0.96483;308.51;100.61;0.99125;230.76;128.78;0.13144;393.38;186.08;0.96456;283.82;202.82;0.83843;550.44;208.67;0.9237;288.25;255.63;0.40196;482.71;312.58;0.88916;272.25;342.77;0.36522;423.87;394.03;0.87221;335.7;376.01;0.76182;204.1;426.34;0.49747;153.01;407.24;0.29397;255.99;431.39;0.14225;170.04;441.31;0.089487;1
330.19;369.91;0.93527;341.84;176.51;0.98896;339.95;159.24;0.99502;332.26;166.66;0.19548;371.38;127.12;0.98899;351.08;141.39;0.12913;450.06;167.64;0.96679;419.94;169.85;0.90248;450.3;307.15;0.94216;420.99;291.16;0.62561;357.55;338.53;0.89815;354.96;336.08;0.54465;490.93;362.33;0.8965;458.99;346.89;0.83943;283.44;400;0.61422;286.5;380.59;0.44397;279.61;455.14;0.20087;288.44;452.11;0.1444;1
323.89;401.81;0.95408;344.26;154.48;0.98799;355.19;143.73;0.16758;348.39;134.66;0.99651;330.13;118.15;0.0042297;315.52;97.848;0.92648;250.02;141.11;0.94589;227.25;140.12;0.97179;220.71;269.6;0.79573;159.66;270.2;0.93976;301.24;296.59;0.74266;264.64;307.57;0.91254;220.36;333.18;0.88866;192.07;352.96;0.9107;390.14;333.51;0.63384;403.38;350.28;0.72897;329.75;440.28;0.29296;353.9;458.52;0.34477;1
204.02;340.11;0.89434;261.63;142.79;0.97833;268.52;138.03;0.19731;264.15;132.84;0.99033;258.19;124.37;0.0077248;249.04;113.97;0.81778;228.32;146.17;0.87709;198.73;134.65;0.95531;224.99;203.17;0.59032;199.31;208.22;0.92368;259.56;206.17;0.51623;255.55;200.89;0.87499;217.48;239.77;0.91992;189.68;241.59;0.95102;309.91;270.59;0.8997;288.06;261.05;0.943;323.11;378.26;0.8383;240.16;353.09;0.88527;1
382.81;359.51;0.94599;377.48;194.5;0.98036;385.81;181.7;0.10121;378.38;175.42;0.99513;353.45;162.04;0.002693;344.23;147.02;0.93938;281.09;185.24;0.89788;249.45;177.73;0.96598;276.82;310.77;0.59842;267.16;324.11;0.93959;372.92;320.53;0.55062;377.05;319.76;0.8974;191.1;349.87;0.81882;158.41;362.92;0.87861;364.51;360.06;0.4923;363.06;378.58;0.65895;317.22;453.61;0.19356;313.95;467.01;0.26149;1
165.6;319.04;0.94216;355.18;131.69;0.97348;363.22;127.18;0.25297;359.01;122.47;0.983;350.66;106.82;0.026708;350.34;101.32;0.82819;300.59;110.22;0.83962;309.69;119.19;0.94659;294.56;180.84;0.4772;306.74;193.14;0.90677;354.58;207.7;0.38588;359.92;212.01;0.83477;267.71;213.21;0.87554;277.07;219.02;0.925;362.83;231.27;0.82111;377;241.13;0.90061;337.33;311.03;0.73203;357.56;343.03;0.80265;1
183.61;255.43;0.9215;278.01;137.39;0.969;274.83;123.16;0.98776;270.96;129.13;0.12292;298.2;98.477;0.9883;298;105.95;0.15009;347.85;147.06;0.93413;353.14;137.91;0.86022;344.01;266.62;0.84634;350.28;251.83;0.5514;278.66;270.68;0.76504;288.28;264.21;0.48841;365.04;316.75;0.43498;370.8;309.92;0.34815;289.57;313.57;0.06162;298.71;308.25;0.040877;304.29;301.52;0.027874;323.73;292.02;0.021874;1
379.8;379.53;0.94977;310.51;169.67;0.98871;318.78;150.32;0.99444;308.46;153.36;0.21221;366.99;143.97;0.98302;352.37;148.54;0.16463;420.3;210.02;0.96148;392.75;206.25;0.96382;322.98;286.86;0.93892;297.41;247.53;0.89866;254.45;278.66;0.92366;240.14;255.49;0.88329;488.65;414.69;0.87539;463.72;399.98;0.88147;314.11;427.7;0.43581;318.04;410.87;0.38288;341.59;463.28;0.12113;370.62;445.95;0.10991;1
443.26;369.15;0.94968;286.44;164.9;0.99547;297.87;159.35;0.74897;281.88;137.64;0.99714;287.67;166.38;0.011565;229;115.58;0.91424;248.16;235.44;0.96661;126.43;184;0.96847;307.54;348.29;0.88844;203.9;304.93;0.93641;422.69;314.52;0.86654;216.2;198.69;0.92608;186.35;406.56;0.8847;95.341;410.41;0.88618;346.44;398.65;0.50943;283.12;418.18;0.57775;343.01;454.05;0.17986;304.94;449.08;0.2043;1
277.89;408.8;0.94174;248.16;214.09;0.93078;245.47;191.01;0.98534;240.11;197.22;0.037379;295.92;158.41;0.99275;296.29;168.87;0.073197;373.41;233.46;0.93275;362.61;223.27;0.83472;385.1;417.14;0.83347;364.3;378.54;0.46786;262.62;338.61;0.80915;276.35;335.26;0.49107;371.46;451.9;0.27149;354.8;439.14;0.19928;279.45;427.51;0.035583;268.35;419.63;0.022149;323.88;414.78;0.013991;316.3;403.13;0.010684;1
372.72;525.43;0.96077;193.87;235.06;0.98351;195.61;205.3;0.99544;185.91;214.11;0.084155;256.4;174.02;0.99118;233.37;190.16;0.074395;357.1;249.36;0.9527;330.33;248.96;0.93132;375.94;468.76;0.90772;330.42;419.98;0.80219;205.01;442.56;0.90043;213.22;399.88;0.81256;382.14;587.71;0.51769;343.24;573.9;0.49429;272.23;571.35;0.049403;245.64;571.53;0.03947;304.11;559.93;0.014329;284.68;557.36;0.01277;1
246.11;361.56;0.94068;335.14;174.21;0.98825;338.48;157.85;0.99507;329.07;162.94;0.31904;375.82;140.16;0.98218;358.36;149.7;0.14853;430.91;199.76;0.95827;416.85;193.3;0.92024;394.21;326.54;0.92152;381.82;294.32;0.73178;319.7;270.86;0.88368;325.23;267.15;0.69309;444.15;406.69;0.74629;430.42;397.34;0.68628;374.65;451.79;0.15657;374.16;445.58;0.11062;404.74;438.08;0.042501;403.24;425.45;0.034185;1
227.84;319.71;0.9351;352.08;126.73;0.98255;358.85;118.89;0.98796;351.72;119.07;0.30601;384.04;119.27;0.98067;371.34;118.19;0.17273;417.86;151.93;0.94535;395.95;154.01;0.91375;385.03;192.02;0.93565;370.02;188.81;0.80914;337.29;191.75;0.92816;326.25;188.62;0.81828;474.24;234.85;0.9623;449.51;230.97;0.95298;386.3;272.01;0.96232;374.35;265.93;0.9472;450.34;355.56;0.91079;333.58;365.18;0.89557;1
196.21;306.1;0.94547;212.32;165.6;0.9758;217.52;159.35;0.29653;212.16;156.19;0.98675;201.56;149.23;0.020392;192.33;142.45;0.82567;160.65;165.4;0.88816;158.51;169.8;0.94161;140.79;226.67;0.65663;140.55;234.16;0.89355;192.23;228.01;0.59073;193.56;225.49;0.85153;152.17;252.14;0.90271;145.35;257.96;0.92774;250.77;277.93;0.88067;242.61;276.62;0.91938;264.32;377.99;0.80042;243.15;385.67;0.83862;1
281.8;456.58;0.94137;379.02;189.93;0.96491;389.63;183.07;0.095701;383.9;174.93;0.98626;364.74;164.07;0.0070042;361.79;148.14;0.85941;315.46;181.17;0.95278;296.27;180.11;0.96383;320.22;262.43;0.88748;295.84;285.13;0.94382;373.36;278.83;0.86405;366.42;299.71;0.92908;304.34;326.38;0.95422;287.14;337.22;0.95851;440.9;355.58;0.91155;438.9;365.87;0.93307;432.99;505.62;0.76542;427.55;517.27;0.79512;1
335.25;490.37;0.94978;290.36;137.95;0.97044;290.86;127.13;0.082042;283.9;125.98;0.9849;253.24;127.48;0.0097115;250.12;128.66;0.90702;216.89;184.65;0.91107;229.28;191.32;0.9631;259.05;291.38;0.62496;262.44;302.5;0.93284;333.72;329.53;0.56177;349.13;342.07;0.89802;223.95;343.37;0.91198;235.67;351.97;0.94197;376.25;368.28;0.8612;391.86;380.09;0.92327;395.71;515.57;0.67704;403.25;526.99;0.75663;1
140.44;623.72;0.82881;79.691;64.984;0.9388;89.108;54.468;0.96946;80.072;54.559;0.20392;120.76;60.954;0.98755;120.47;56.924;0.037835;146.8;131.67;0.97943;140.9;122.14;0.7315;138.46;244.59;0.96886;128.49;230.64;0.12026;111.38;334.73;0.92948;95.901;314.92;0.12997;130.6;309.64;0.97324;128.83;304.75;0.88525;120.39;452.35;0.97088;118.76;449.82;0.86169;132.22;596.57;0.8821;131.64;589.55;0.70314;1
291.22;377.92;0.95116;305.58;123.61;0.97006;309.6;116.04;0.40494;303.94;112.99;0.94551;297.41;111.67;0.053069;282.06;99.251;0.93907;260.16;133.55;0.95159;232.63;133.32;0.97444;248.7;201.45;0.76669;212.98;209.34;0.95255;294.19;211;0.76399;281.44;220.89;0.94976;257.41;244.53;0.95264;233.05;251.88;0.96644;358.7;276.94;0.95862;344.73;279.88;0.97835;403.59;389.7;0.92136;390.47;401.69;0.94821;1
292.64;378.37;0.95989;304.95;110.09;0.98033;311.13;102.6;0.21214;304.19;99.17;0.98961;295.23;92.128;0.010852;282.91;84.098;0.84169;257.93;118.49;0.91304;232.37;118.81;0.96176;248.08;190.03;0.6845;211.91;195.42;0.93049;290.25;204.66;0.62807;282.48;206.18;0.90321;256.17;229.93;0.93742;232.14;238.85;0.95777;358.41;261.89;0.93452;344.97;267.87;0.9607;409.27;370.14;0.8708;391.95;391.55;0.90285;1
240.67;352.44;0.95392;278.77;115.13;0.99398;286.49;107.22;0.91654;272.41;105.41;0.99277;292.5;100.09;0.078899;250.97;91.771;0.78688;268.89;124.94;0.96239;210.95;123.79;0.96368;260.93;181.36;0.91088;194.58;195.73;0.93152;282.17;187.22;0.8935;258.25;198.59;0.92199;254.09;216.46;0.96476;212.48;225.1;0.96533;327.4;238.86;0.95349;294.27;252.07;0.95873;368.3;347.39;0.89948;328.34;369.36;0.90549;1
290.88;386.78;0.94703;300.02;148.23;0.98363;307.02;135.26;0.12806;298.8;129.9;0.99529;274.23;120.73;0.0052855;259.79;104.77;0.93127;218.62;156.28;0.95791;201.32;155.04;0.96908;240.45;273.19;0.84198;159.3;275.36;0.93594;334.73;298.69;0.80684;266.21;294.48;0.9186;198.87;318.76;0.90266;175.54;334.59;0.9118;362.67;338.86;0.671;365.84;360.66;0.74;275.05;431.78;0.31112;302.07;443.62;0.34941;1
290.88;386.78;0.94703;300.02;148.23;0.98363;307.02;135.26;0.12806;298.8;129.9;0.99529;274.23;120.73;0.0052855;259.79;104.77;0.93127;218.62;156.28;0.95791;201.32;155.04;0.96908;240.45;273.19;0.84198;159.3;275.36;0.93594;334.73;298.69;0.80684;266.21;294.48;0.9186;198.87;318.76;0.90266;175.54;334.59;0.9118;362.67;338.86;0.671;365.84;360.66;0.74;275.05;431.78;0.31112;302.07;443.62;0.34941;1
324.62;389.4;0.93135;377.07;154.33;0.98566;382.63;134.51;0.99457;372.04;138.26;0.1643;431.15;113.2;0.98396;401.72;123.38;0.13059;489.98;179.01;0.96284;457.99;173.11;0.94967;493.8;321.66;0.93574;463.17;289.84;0.85414;385.81;286.55;0.92863;393.28;270.72;0.84073;493.52;376.4;0.8754;460.01;356.06;0.86193;292.03;423.06;0.50254;281.06;402;0.4191;376.8;428.75;0.14148;327.23;433.5;0.12033;1
434.81;348.39;0.94793;268.68;188.55;0.98909;277.38;169.55;0.99553;265.96;173.56;0.24779;328.75;157.51;0.98522;300.26;164.73;0.1291;385.2;211.04;0.9598;350.93;217.75;0.95934;316.86;334.85;0.93021;296.51;295.54;0.87394;202.89;314.24;0.90913;216.52;304.32;0.85526;503.92;418.87;0.7742;459.03;408.94;0.78241;298.97;443.25;0.23304;300.67;426.31;0.19397;358.6;436.69;0.061285;374.58;427.24;0.055146;1
176.68;315.75;0.92555;265.4;98.541;0.97597;269.86;91.281;0.2567;263.93;88.24;0.98965;252.75;80.687;0.0086257;242.37;73.74;0.86852;219.11;99.512;0.85306;210.56;98.035;0.95788;213.6;166.71;0.48061;191.53;168.35;0.92056;255.73;175.93;0.40814;251.39;179.11;0.85811;194.73;198.85;0.87598;187.69;203.94;0.9306;283.11;213.74;0.81204;287.95;215.68;0.8997;235.59;305.89;0.71443;237.27;308.98;0.79626;1
